id,country,origin_country,textile_type,weight_raw,weight_unit,weight_kg,distance_km,emission_factor,carbon_footprint_kg_co2e,carbon_intensity_per_km,freight_cost_usd,line_item_value
68462,Rwanda,United Kingdom,Organic Cotton,298,lbs,298.0,7000.0,0.602,1255.772,0.179396,2204.08,4603.2
3768,South Africa,India,Organic Cotton,Weight Captured Separately,kg,1047.0,8450.0,0.602,5325.984299999999,0.6302939999999999,Freight Included in Commodity Cost,43360.0
38596,Zambia,Japan,Recycled Polyester,1360,kg,1360.0,7000.0,0.602,5731.04,0.81872,20067.34,202104.0
85944,Haiti,India,Organic Cotton,See DN-3015 (ID#:82554),kg,1047.0,16200.0,0.602,10210.762799999999,0.6302939999999999,See DN-3015 (ID#:82554),4097.1
77651,Vietnam,India,Organic Cotton,9,kg,9.0,4100.0,0.602,22.2138,0.005418,4620.03,146995.2
6544,Vietnam,Unkown,Organic Cotton,Weight Captured Separately,kg,1047.0,7000.0,0.602,4412.057999999999,0.6302939999999999,Freight Included in Commodity Cost,840.0
58393,Liberia,Unkown,Recycled Polyester,34,kg,34.0,7000.0,0.602,143.276,0.020468,871.3,2000.0
63044,Vietnam,India,Organic Cotton,See ASN-6252 (ID#:36969),kg,1047.0,4100.0,0.602,2584.2054,0.6302939999999999,See ASN-6252 (ID#:36969),36540.0
58305,Tanzania,Unkown,Recycled Polyester,125,kg,125.0,7000.0,0.602,526.75,0.07525,1908.34,12256.0
6599,Haiti,Unkown,Recycled Polyester,Weight Captured Separately,kg,1047.0,7000.0,0.602,4412.057999999999,0.6302939999999999,Freight Included in Commodity Cost,3240.0
12555,Nigeria,India,Organic Cotton,See DN-960 (ID#:11945),kg,1047.0,8100.0,0.602,5105.381399999999,0.6302939999999999,See DN-960 (ID#:11945),25590.6
9090,Haiti,Unkown,Recycled Polyester,132,kg,132.0,7000.0,0.602,556.2479999999999,0.07946399999999999,3013.19,19250.0
48821,Haiti,India,Organic Cotton,Weight Captured Separately,kg,1047.0,16200.0,0.602,10210.762799999999,0.6302939999999999,Invoiced Separately,1825.2
82707,"Congo, DRC",India,Organic Cotton,1630,kg,1630.0,7000.0,0.602,6868.82,0.9812599999999999,18387.8,8029.45
86315,Nigeria,India,Organic Cotton,3,kg,3.0,8100.0,0.602,14.6286,0.001806,Freight Included in Commodity Cost,156.16
83517,Côte d'Ivoire,India,Organic Cotton,Weight Captured Separately,kg,1047.0,8900.0,0.602,5609.616599999999,0.6302939999999999,Invoiced Separately,7499.7
83396,Côte d'Ivoire,India,Organic Cotton,1021,kg,1021.0,8900.0,0.602,5470.3138,0.614642,5254.1,5651.1
2680,Zambia,India,Organic Cotton,316,kg,316.0,7600.0,0.602,1445.7631999999999,0.19023199999999998,3850.8,19071.3
12222,Nigeria,India,Organic Cotton,65,kg,65.0,8100.0,0.602,316.953,0.03913,1020.98,3770.0
1940,Guyana,Japan,Recycled Polyester,49,kg,49.0,7000.0,0.602,206.486,0.029498,1047.39,15333.87
84701,"Congo, DRC",India,Organic Cotton,See DN-2499 (ID#:83004),kg,1047.0,7000.0,0.602,4412.057999999999,0.6302939999999999,See DN-2499 (ID#:83004),7480.0
36641,Zimbabwe,Unkown,Recycled Polyester,781,kg,781.0,7000.0,0.602,3291.134,0.470162,9914.59,120000.0
55322,South Africa,India,Organic Cotton,2970,kg,2970.0,8450.0,0.602,15108.092999999999,1.7879399999999999,4263.07,147945.6
84249,South Sudan,India,Organic Cotton,83,kg,83.0,7000.0,0.602,349.762,0.049966,2089,9910.16
83393,Ethiopia,India,Organic Cotton,235,kg,235.0,7000.0,0.602,990.29,0.14146999999999998,1326.89,11938.92
62113,Côte d'Ivoire,Unkown,Organic Cotton,1489,kg,1489.0,7000.0,0.602,6274.646,0.896378,2093.31,88124.16
47048,Guyana,Germany,Organic Cotton,334,lbs,334.0,7000.0,0.602,1407.4759999999999,0.201068,2171.57,108832.8
85267,"Congo, DRC",India,Organic Cotton,See DN-2697 (ID#:83045),kg,1047.0,7000.0,0.602,4412.057999999999,0.6302939999999999,See DN-2697 (ID#:83045),2928.0
82322,Ethiopia,India,Organic Cotton,1070,kg,1070.0,7000.0,0.602,4508.98,0.6441399999999999,6153.8,29260.0
63555,Côte d'Ivoire,India,Organic Cotton,See ASN-18558 (ID#:27015),kg,1047.0,8900.0,0.602,5609.616599999999,0.6302939999999999,See ASN-18558 (ID#:27015),28575.0
25915,South Sudan,Unkown,Recycled Polyester,Weight Captured Separately,kg,1047.0,7000.0,0.602,4412.057999999999,0.6302939999999999,Invoiced Separately,225.0
29963,Haiti,India,Organic Cotton,See ASN-19520 (ID#:18405),kg,1047.0,16200.0,0.602,10210.762799999999,0.6302939999999999,See ASN-19520 (ID#:18405),1741.65
80072,Vietnam,India,Organic Cotton,1588,kg,1588.0,4100.0,0.602,3919.5016,0.955976,11413.52,63169.0
11508,Côte d'Ivoire,India,Organic Cotton,170,kg,170.0,8900.0,0.602,910.826,0.10234,1301,912.0
12483,Haiti,Japan,Recycled Polyester,60,kg,60.0,7000.0,0.602,252.84,0.03612,1328.2,23115.0
48043,Kenya,Japan,Recycled Polyester,1407,kg,1407.0,7000.0,0.602,5929.098,0.847014,15200.59,727842.0
83530,Côte d'Ivoire,India,Organic Cotton,See DN-2339 (ID#:82401),kg,1047.0,8900.0,0.602,5609.616599999999,0.6302939999999999,See DN-2339 (ID#:82401),34787.52
12737,Côte d'Ivoire,India,Organic Cotton,See DN-611 (ID#:12472),kg,1047.0,8900.0,0.602,5609.616599999999,0.6302939999999999,See DN-611 (ID#:12472),328560.0
11319,Uganda,Unkown,Organic Cotton,See DN-1232 (ID#:10766),kg,1047.0,7000.0,0.602,4412.057999999999,0.6302939999999999,See DN-1232 (ID#:10766),2362.5
57959,Côte d'Ivoire,Unkown,Recycled Polyester,2836,kg,2836.0,7000.0,0.602,11950.904,1.7072720000000001,Freight Included in Commodity Cost,560000.0
60778,Tanzania,India,Organic Cotton,2039,kg,2039.0,5900.0,0.602,7242.1202,1.227478,9182.45,223800.0
20560,Ghana,Germany,Organic Cotton,63,lbs,63.00000000000001,7000.0,0.602,265.48199999999997,0.037925999999999994,1317.82,2661.12
75641,Tanzania,India,Organic Cotton,5215,kg,5215.0,5900.0,0.602,18522.637,3.13943,20136.28,200498.1
58808,Vietnam,India,Organic Cotton,25,kg,25.0,4100.0,0.602,61.705,0.01505,1003.65,974.4
10355,South Africa,Unkown,Organic Cotton,Weight Captured Separately,kg,1047.0,7000.0,0.602,4412.057999999999,0.6302939999999999,Freight Included in Commodity Cost,2542.4
83714,Uganda,India,Organic Cotton,45,kg,45.0,6200.0,0.602,167.958,0.02709,747.76,1212.2
11012,Haiti,India,Organic Cotton,10435,kg,10435.0,16200.0,0.602,101766.294,6.28187,121330.06,1500.0
54562,Kenya,Unkown,Recycled Polyester,518,kg,518.0,7000.0,0.602,2182.852,0.311836,4851,48480.0
12289,Nigeria,India,Organic Cotton,148,kg,148.0,8100.0,0.602,721.6776,0.089096,1012.18,15303.72
86290,Tanzania,India,Organic Cotton,699,kg,699.0,5900.0,0.602,2482.7081999999996,0.42079799999999995,3952.34,9060.87
86020,Guyana,Germany,Organic Cotton,See DN-3425 (ID#:82618),lbs,1047.0,7000.0,0.602,4412.057999999999,0.6302939999999999,See DN-3425 (ID#:82618),30127.8
45149,Vietnam,India,Organic Cotton,21,kg,21.0,4100.0,0.602,51.8322,0.012642,3657.69,3900.0
10989,Nigeria,India,Organic Cotton,1987,kg,1987.0,8100.0,0.602,9689.0094,1.196174,14931.8,120360.0
57812,Vietnam,India,Organic Cotton,See ASN-32270 (ID#:35968),kg,1047.0,4100.0,0.602,2584.2054,0.6302939999999999,See ASN-32270 (ID#:35968),11440.0
37324,Uganda,India,Organic Cotton,24556,kg,24556.0,6200.0,0.602,91652.8144,14.782712,146850.66,2458453.58
56496,Guyana,India,Organic Cotton,4,kg,4.0,7000.0,0.602,16.855999999999998,0.0024079999999999996,783.21,130.0
20512,Rwanda,India,Organic Cotton,145,kg,145.0,7000.0,0.602,611.0299999999999,0.08728999999999998,1950.74,46563.0
11751,Mozambique,India,Organic Cotton,See DN-258 (ID#:11425),kg,1047.0,7200.0,0.602,4538.1168,0.630294,See DN-258 (ID#:11425),28079.0
47212,Uganda,United Kingdom,Organic Cotton,136,lbs,136.0,6550.0138,0.602,536.2627298336,0.081872,2077.87,2465.6
32775,Haiti,Unkown,Recycled Polyester,434,kg,434.0,7000.0,0.602,1828.876,0.261268,4209.61,14700.0
71009,Liberia,Unkown,Recycled Polyester,7,kg,7.0,7000.0,0.602,29.497999999999998,0.004214,498.72,640.0
23831,Haiti,Unkown,Recycled Polyester,240,kg,240.0,7000.0,0.602,1011.36,0.14448,3126.61,8575.0
11682,Côte d'Ivoire,India,Organic Cotton,5317,kg,5317.0,8900.0,0.602,28487.4226,3.2008340000000004,11005.67,11606.7
30220,Haiti,India,Organic Cotton,99,kg,99.0,16200.0,0.602,965.4876,0.059598000000000005,1497.53,2592.0
11409,Mozambique,India,Organic Cotton,35,kg,35.0,7200.0,0.602,151.704,0.021070000000000002,364.51,1949.4
15596,Zimbabwe,Japan,Recycled Polyester,1113,kg,1113.0,7000.0,0.602,4690.182,0.670026,20082.38,187360.0
83564,"Congo, DRC",India,Organic Cotton,See DN-2511 (ID#:83563),kg,1047.0,7000.0,0.602,4412.057999999999,0.6302939999999999,See DN-2511 (ID#:83563),11934.0
49660,South Sudan,Unkown,Recycled Polyester,See ASN-31765 (ID#:41640),kg,1047.0,7000.0,0.602,4412.057999999999,0.6302939999999999,See ASN-31765 (ID#:41640),320.0
39589,Haiti,India,Organic Cotton,979,kg,979.0,16200.0,0.602,9547.5996,0.5893579999999999,6161.47,40419.54
66030,South Africa,India,Organic Cotton,7353,kg,7353.0,8450.0,0.602,37403.975699999995,4.426506,4876.34,60039.0
52795,Zambia,India,Organic Cotton,9389,kg,9389.0,7600.0,0.602,42956.5528,5.652177999999999,51294.87,735000.0
12259,Nigeria,Germany,Organic Cotton,See DN-958 (ID#:10750),lbs,1047.0,5400.0,0.602,3403.5875999999994,0.6302939999999999,See DN-958 (ID#:10750),83597.4
83068,"Congo, DRC",India,Organic Cotton,3637,kg,3637.0,7000.0,0.602,15326.318,2.1894739999999997,25634.47,9449.28
35146,Uganda,Unkown,Organic Cotton,74,kg,74.0,7000.0,0.602,311.836,0.044548000000000004,294.86,7812.0
11015,Nigeria,Unkown,Organic Cotton,5197,kg,5197.0,7000.0,0.602,21900.158,3.128594,21895.01,322980.0
13151,Mozambique,Japan,Recycled Polyester,Weight Captured Separately,kg,1047.0,7000.0,0.602,4412.057999999999,0.6302939999999999,Invoiced Separately,77.7
24604,Haiti,United Kingdom,Organic Cotton,494,lbs,494.0,7419.0574,0.602,2206.3386420712,0.297388,2737.95,12944.4
29281,Kenya,Unkown,Recycled Polyester,4203,kg,4203.0,7000.0,0.602,17711.442000000003,2.530206,44128.81,770473.0
46858,Mozambique,Unkown,Recycled Polyester,41,kg,41.0,7000.0,0.602,172.774,0.024682,1001.02,1075.0
12597,Haiti,India,Organic Cotton,2359,kg,2359.0,16200.0,0.602,23005.9116,1.420118,26714.63,226218.24
60359,Burundi,Unkown,Recycled Polyester,47,kg,47.0,7000.0,0.602,198.058,0.028294,732.47,11812.8
11479,Zambia,India,Organic Cotton,2581,kg,2581.0,7600.0,0.602,11808.591199999999,1.5537619999999999,19832.46,262969.5
84460,Burundi,India,Organic Cotton,1115,kg,1115.0,7000.0,0.602,4698.61,0.67123,7006.47,73726.2
49653,Uganda,Unkown,Organic Cotton,See ASN-22706 (ID#:46447),kg,1047.0,7000.0,0.602,4412.057999999999,0.6302939999999999,See ASN-22706 (ID#:46447),19114.2
42870,Vietnam,India,Organic Cotton,See ASN-26923 (ID#:13027),kg,1047.0,4100.0,0.602,2584.2054,0.6302939999999999,See ASN-26923 (ID#:13027),11840.0
9933,Ethiopia,Unkown,Recycled Polyester,5056,kg,5056.0,7000.0,0.602,21305.984,3.043712,44360.44,160954.0
65675,Tanzania,India,Organic Cotton,2069,kg,2069.0,5900.0,0.602,7348.6742,1.245538,9716.76,221800.0
10942,Côte d'Ivoire,Unkown,Organic Cotton,1230,kg,1230.0,7000.0,0.602,5183.22,0.74046,4680.1,276900.0
28918,Mozambique,Unkown,Recycled Polyester,2451,kg,2451.0,7000.0,0.602,10328.514,1.4755019999999999,35569.75,240000.0
41304,Zimbabwe,Germany,Organic Cotton,3991,lbs,3990.9999999999995,7000.0,0.602,16818.073999999997,2.4025819999999998,34670.93,118336.68
30388,Haiti,Germany,Organic Cotton,30,lbs,30.0,8700.0,0.602,157.12199999999999,0.01806,877.61,1644.0
2965,Haiti,Unkown,Recycled Polyester,Weight Captured Separately,kg,1047.0,7000.0,0.602,4412.057999999999,0.6302939999999999,Invoiced Separately,556.0
62948,Vietnam,India,Organic Cotton,Weight Captured Separately,kg,1047.0,4100.0,0.602,2584.2054,0.6302939999999999,Invoiced Separately,118770.3
64850,South Africa,India,Organic Cotton,5437,kg,5437.0,8450.0,0.602,27657.4753,3.273074,9205.05,246821.9
5937,Vietnam,Unkown,Organic Cotton,60,kg,60.0,7000.0,0.602,252.84,0.03612,1516.05,1960.0
14180,Zambia,Unkown,Recycled Polyester,2783,kg,2783.0,7000.0,0.602,11727.562,1.675366,20621.1,304000.0
34505,"Congo, DRC",Unkown,Recycled Polyester,See ASN-26738 (ID#:15115),kg,1047.0,7000.0,0.602,4412.057999999999,0.6302939999999999,See ASN-26738 (ID#:15115),160.0
36530,Tanzania,Unkown,Recycled Polyester,2770,kg,2770.0,7000.0,0.602,11672.779999999999,1.6675399999999998,26281.49,270720.0
37157,Mozambique,Japan,Recycled Polyester,55,kg,55.0,7000.0,0.602,231.76999999999998,0.03311,3267.66,9600.0
5035,South Africa,Unkown,Organic Cotton,Weight Captured Separately,kg,1047.0,7000.0,0.602,4412.057999999999,0.6302939999999999,Freight Included in Commodity Cost,44812.8
12172,Uganda,India,Organic Cotton,76,kg,76.0,6200.0,0.602,283.6624,0.045752,675,10328.6
16044,Côte d'Ivoire,Unkown,Recycled Polyester,328,kg,328.0,7000.0,0.602,1382.192,0.197456,4420.31,32741.0
1048,Haiti,Germany,Organic Cotton,10,lbs,10.0,8700.0,0.602,52.373999999999995,0.006019999999999999,893.22,472.88
12120,Mozambique,Unkown,Recycled Polyester,2766,kg,2766.0,7000.0,0.602,11655.923999999999,1.6651319999999998,10698.63,111360.0
43693,Zambia,Unkown,Recycled Polyester,2328,kg,2328.0,7000.0,0.602,9810.192,1.4014559999999998,14581.51,256000.0
23904,Vietnam,India,Organic Cotton,9,kg,9.0,4100.0,0.602,22.2138,0.005418,4138.11,1260.0
82525,Nigeria,India,Organic Cotton,12028,kg,12028.0,8100.0,0.602,58650.9336,7.240856,15459.09,484000.0
36936,Kenya,Japan,Recycled Polyester,1479,kg,1479.0,7000.0,0.602,6232.505999999999,0.8903579999999999,15519.77,764154.0
6623,Zambia,United Kingdom,Organic Cotton,57,lbs,57.0,7998.4198,0.602,274.4577770172,0.034314,Freight Included in Commodity Cost,2877.0
10937,Guyana,India,Organic Cotton,See DN-557 (ID#:10663),kg,1047.0,7000.0,0.602,4412.057999999999,0.6302939999999999,See DN-557 (ID#:10663),9576.0
1047,Haiti,Unkown,Organic Cotton,See ASN-3675 (ID#:1046),kg,1047.0,7000.0,0.602,4412.057999999999,0.6302939999999999,See ASN-3675 (ID#:1046),402.88
56416,Uganda,India,Organic Cotton,1770,kg,1770.0,6200.0,0.602,6606.348,1.06554,7651.56,70097.8
83045,"Congo, DRC",India,Organic Cotton,895,kg,895.0,7000.0,0.602,3771.5299999999997,0.53879,6061.4,17808.0
84631,Côte d'Ivoire,India,Organic Cotton,See DN-2138 (ID#:83491),kg,1047.0,8900.0,0.602,5609.616599999999,0.6302939999999999,See DN-2138 (ID#:83491),133559.55
63568,South Sudan,Unkown,Recycled Polyester,See ASN-22955 (ID#:19019),kg,1047.0,7000.0,0.602,4412.057999999999,0.6302939999999999,See ASN-22955 (ID#:19019),576.0
75114,Vietnam,India,Organic Cotton,4799,kg,4799.0,4100.0,0.602,11844.891800000001,2.8889980000000004,10959.54,284044.8
12326,Lebanon,India,Organic Cotton,See DN-1486 (ID#:11072),kg,1047.0,7000.0,0.602,4412.057999999999,0.6302939999999999,See DN-1486 (ID#:11072),0.5
116,Vietnam,Germany,Organic Cotton,117,lbs,117.00000000000001,9000.0,0.602,633.9060000000001,0.07043400000000001,1767.38,41095.0
11622,Nigeria,Unkown,Organic Cotton,14,kg,14.0,7000.0,0.602,58.995999999999995,0.008428,6443.61,3753.75
41934,Burundi,Unkown,Recycled Polyester,462,kg,462.0,7000.0,0.602,1946.868,0.278124,12205.04,90240.0
86321,Haiti,India,Organic Cotton,See DN-1964 (ID#:82908),kg,1047.0,16200.0,0.602,10210.762799999999,0.6302939999999999,See DN-1964 (ID#:82908),9437.44
83489,Guyana,India,Organic Cotton,See DN-2129 (ID#:83488),kg,1047.0,7000.0,0.602,4412.057999999999,0.6302939999999999,See DN-2129 (ID#:83488),1356.3
85084,Haiti,India,Organic Cotton,2342,kg,2342.0,16200.0,0.602,22840.1208,1.4098840000000001,12016.69,154395.36
1693,Vietnam,India,Organic Cotton,522,kg,522.0,4100.0,0.602,1288.4004000000002,0.3142440000000001,3796.05,77145.6
11412,Mozambique,United Kingdom,Organic Cotton,See DN-282 (ID#:11144),lbs,1047.0,7000.0,0.602,4412.057999999999,0.6302939999999999,See DN-282 (ID#:11144),5370.4
17200,Haiti,India,Organic Cotton,670,kg,670.0,16200.0,0.602,6534.108,0.40334000000000003,4909.72,100000.0
82468,Burundi,India,Organic Cotton,36,kg,36.0,7000.0,0.602,151.70399999999998,0.021671999999999997,1188.75,4602.5
82491,Côte d'Ivoire,India,Organic Cotton,11720,kg,11720.0,8900.0,0.602,62793.416,7.05544,11702.27,785113.92
17373,Mozambique,United Kingdom,Organic Cotton,Weight Captured Separately,lbs,1047.0,7000.0,0.602,4412.057999999999,0.6302939999999999,Freight Included in Commodity Cost,3312.0
11525,Tanzania,India,Organic Cotton,See DN-559 (ID#:10940),kg,1047.0,5900.0,0.602,3718.7345999999993,0.6302939999999999,See DN-559 (ID#:10940),248400.0
37578,Côte d'Ivoire,Unkown,Recycled Polyester,1038,kg,1038.0,7000.0,0.602,4374.132,0.624876,3360.75,76275.0
43425,Kenya,Japan,Recycled Polyester,1224,kg,1224.0,7000.0,0.602,5157.936,0.736848,11847.25,568800.0
12521,Mozambique,India,Organic Cotton,See DN-1024 (ID#:10984),kg,1047.0,7200.0,0.602,4538.1168,0.630294,See DN-1024 (ID#:10984),8545.6
29880,Vietnam,India,Organic Cotton,2486,kg,2486.0,4100.0,0.602,6135.9452,1.496572,3775.5,27720.0
7894,Namibia,Japan,Recycled Polyester,6,kg,6.0,7000.0,0.602,25.284,0.0036119999999999998,868.31,1680.0
9032,South Africa,Unkown,Organic Cotton,Weight Captured Separately,kg,1047.0,7000.0,0.602,4412.057999999999,0.6302939999999999,Freight Included in Commodity Cost,10380.0
33522,Côte d'Ivoire,Unkown,Recycled Polyester,1043,kg,1043.0,7000.0,0.602,4395.201999999999,0.6278859999999999,20882.95,192000.0
23149,South Sudan,Unkown,Recycled Polyester,See ASN-32106 (ID#:19172),kg,1047.0,7000.0,0.602,4412.057999999999,0.6302939999999999,See ASN-32106 (ID#:19172),160.0
32193,Ethiopia,Unkown,Recycled Polyester,4,kg,4.0,7000.0,0.602,16.855999999999998,0.0024079999999999996,526.44,352.0
46726,Uganda,Unkown,Organic Cotton,16,kg,16.0,7000.0,0.602,67.42399999999999,0.009631999999999998,375,6811.81
84575,Nigeria,India,Organic Cotton,16,kg,16.0,8100.0,0.602,78.0192,0.009632,Freight Included in Commodity Cost,864.8
69701,Vietnam,India,Organic Cotton,See ASN-26923 (ID#:13027),kg,1047.0,4100.0,0.602,2584.2054,0.6302939999999999,See ASN-26923 (ID#:13027),1650.0
11801,Tanzania,Unkown,Recycled Polyester,3327,kg,3327.0,7000.0,0.602,14019.978,2.0028539999999997,13606.4,184000.0
85986,Burundi,India,Organic Cotton,See DN-3257 (ID#:83148),kg,1047.0,7000.0,0.602,4412.057999999999,0.6302939999999999,See DN-3257 (ID#:83148),56280.0
392,Côte d'Ivoire,Unkown,Recycled Polyester,206,kg,206.0,7000.0,0.602,868.084,0.124012,2656.12,13180.0
76325,Tanzania,Unkown,Organic Cotton,See ASN-4489 (ID#:43989),kg,1047.0,7000.0,0.602,4412.057999999999,0.6302939999999999,See ASN-4489 (ID#:43989),128380.0
85703,Côte d'Ivoire,India,Organic Cotton,3506,kg,3506.0,8900.0,0.602,18784.446799999998,2.1106119999999997,8815.65,348429.6
19019,South Sudan,Unkown,Recycled Polyester,159,kg,159.0,7000.0,0.602,670.026,0.095718,2395.42,800.0
48773,Nigeria,Unkown,Recycled Polyester,4038,kg,4038.0,7000.0,0.602,17016.131999999998,2.4308759999999996,59711.34,884215.0
81358,Zimbabwe,United Kingdom,Organic Cotton,1374,lbs,1374.0,7000.0,0.602,5790.036,0.827148,15504.4,46230.0
82410,Swaziland,India,Organic Cotton,2641,kg,2641.0,7000.0,0.602,11129.173999999999,1.5898819999999998,7168.8,246900.0
20294,Zambia,India,Organic Cotton,24233,kg,24233.0,7600.0,0.602,110870.82160000001,14.588266,119474.09,1722000.0
84347,South Sudan,India,Organic Cotton,See DN-3581 (ID#:83219),kg,1047.0,7000.0,0.602,4412.057999999999,0.6302939999999999,See DN-3581 (ID#:83219),10175.49
65709,Uganda,India,Organic Cotton,See ASN-15514 (ID#:57392),kg,1047.0,6200.0,0.602,3907.8227999999995,0.6302939999999999,See ASN-15514 (ID#:57392),481107.6
11910,Nigeria,India,Organic Cotton,82,kg,82.0,8100.0,0.602,399.8484,0.049364000000000005,1151.48,9359.35
32540,Guyana,Japan,Recycled Polyester,205,kg,205.0,7000.0,0.602,863.87,0.12341,6455.37,41800.0
67501,Ethiopia,India,Organic Cotton,3685,kg,3685.0,7000.0,0.602,15528.59,2.21837,16359.2,487132.8
12857,Tanzania,India,Organic Cotton,7017,kg,7017.0,5900.0,0.602,24922.980600000003,4.224234,5367.09,722235.15
85659,Côte d'Ivoire,India,Organic Cotton,See DN-1671 (ID#:82863),kg,1047.0,8900.0,0.602,5609.616599999999,0.6302939999999999,See DN-1671 (ID#:82863),8246.0
28825,Rwanda,India,Organic Cotton,708,kg,708.0,7000.0,0.602,2983.5119999999997,0.426216,3891.2,37080.0
11840,Rwanda,Japan,Recycled Polyester,362,kg,362.0,7000.0,0.602,1525.4679999999998,0.21792399999999998,8143.19,89987.5
84555,Uganda,India,Organic Cotton,21,kg,21.0,6200.0,0.602,78.38040000000001,0.012642000000000002,1000.05,1170.0
6524,Namibia,Unkown,Recycled Polyester,5,kg,5.0,7000.0,0.602,21.07,0.00301,87.73,525.0
11888,Haiti,India,Organic Cotton,144,kg,144.0,16200.0,0.602,1404.3455999999999,0.08668799999999999,2504.44,8727.84
81627,Vietnam,India,Organic Cotton,2957,kg,2957.0,4100.0,0.602,7298.4673999999995,1.780114,14589.33,123900.0
26082,Rwanda,India,Organic Cotton,3666,kg,3666.0,7000.0,0.602,15448.524,2.206932,14890.63,165451.44
3050,Côte d'Ivoire,Japan,Recycled Polyester,255,kg,255.0,7000.0,0.602,1074.57,0.15350999999999998,5303.05,78120.0
28998,Vietnam,Germany,Organic Cotton,930,lbs,930.0,9000.0,0.602,5038.74,0.55986,8303.48,236285.7
10950,Tanzania,India,Organic Cotton,See DN-826 (ID#:10674),kg,1047.0,5900.0,0.602,3718.7345999999993,0.6302939999999999,See DN-826 (ID#:10674),170979.2
86071,Guyana,India,Organic Cotton,See DN-3626 (ID#:83781),kg,1047.0,7000.0,0.602,4412.057999999999,0.6302939999999999,See DN-3626 (ID#:83781),282.72
11107,Mozambique,India,Organic Cotton,2177,kg,2177.0,7200.0,0.602,9435.9888,1.3105539999999998,2912.01,418800.25
83159,Cameroon,India,Organic Cotton,1353,kg,1353.0,7000.0,0.602,5701.5419999999995,0.814506,13924.23,117859.0
1067,South Africa,Unkown,Organic Cotton,Weight Captured Separately,kg,1047.0,7000.0,0.602,4412.057999999999,0.6302939999999999,Freight Included in Commodity Cost,1152.0
32189,Vietnam,India,Organic Cotton,2523,kg,2523.0,4100.0,0.602,6227.2686,1.5188460000000001,4784.19,177600.0
54487,Mozambique,Unkown,Recycled Polyester,3543,kg,3543.0,7000.0,0.602,14930.202,2.132886,13789.73,408160.0
11958,Côte d'Ivoire,United Kingdom,Organic Cotton,Weight Captured Separately,lbs,1047.0,4795.8332,0.602,3022.7848909607997,0.6302939999999999,Invoiced Separately,63458.4
63175,Rwanda,Unkown,Recycled Polyester,88,kg,88.0,7000.0,0.602,370.832,0.052976,3997.31,8000.0
85453,Côte d'Ivoire,India,Organic Cotton,141,kg,141.0,8900.0,0.602,755.4497999999999,0.08488199999999999,1400,3184.15
84597,Côte d'Ivoire,India,Organic Cotton,168,kg,168.0,8900.0,0.602,900.1104,0.101136,7816.45,17974.95
65111,Guyana,United Kingdom,Organic Cotton,53,lbs,53.0,7000.0,0.602,223.34199999999998,0.031906,926.13,1398.86
4044,Tanzania,Unkown,Recycled Polyester,3338,kg,3338.0,7000.0,0.602,14066.332,2.0094760000000003,28466.06,200000.0
20883,Tanzania,Unkown,Recycled Polyester,507,kg,507.0,7000.0,0.602,2136.498,0.305214,4329.08,30400.0
40934,Vietnam,Germany,Organic Cotton,15,lbs,15.0,9000.0,0.602,81.27,0.00903,493.42,1651.46
35250,Vietnam,Germany,Organic Cotton,38,lbs,38.0,9000.0,0.602,205.884,0.022875999999999997,1779.09,6978.0
6691,Vietnam,India,Organic Cotton,6,kg,6.0,4100.0,0.602,14.8092,0.003612,2794.34,894.0
5793,Vietnam,India,Organic Cotton,703,kg,703.0,4100.0,0.602,1735.1445999999999,0.42320599999999997,10356.86,27972.0
7847,Namibia,India,Organic Cotton,See ASN-4511 (ID#:2571),kg,1047.0,7000.0,0.602,4412.057999999999,0.6302939999999999,See ASN-4511 (ID#:2571),4348.8
42499,Rwanda,India,Organic Cotton,933,kg,933.0,7000.0,0.602,3931.662,0.561666,3847.96,38927.7
28908,South Africa,India,Organic Cotton,3110,kg,3110.0,8450.0,0.602,15820.259,1.87222,5159.33,76997.48
85918,Nigeria,India,Organic Cotton,See DN-2945 (ID#:82533),kg,1047.0,8100.0,0.602,5105.381399999999,0.6302939999999999,See DN-2945 (ID#:82533),83583.84
2686,Vietnam,India,Organic Cotton,3822,kg,3822.0,4100.0,0.602,9433.4604,2.300844,25124.12,5050.0
85319,Uganda,India,Organic Cotton,117,kg,117.0,6200.0,0.602,436.6908,0.07043400000000001,2005.48,4602.96
85680,Tanzania,India,Organic Cotton,2262,kg,2262.0,5900.0,0.602,8034.1716,1.361724,10536.12,54938.52
67864,Tanzania,Unkown,Recycled Polyester,1303,kg,1303.0,7000.0,0.602,5490.842,0.7844059999999999,22617.38,219520.0
83717,Guyana,India,Organic Cotton,7,kg,7.0,7000.0,0.602,29.497999999999998,0.004214,4317.96,911.4
85198,Côte d'Ivoire,India,Organic Cotton,See DN-2304 (ID#:82395),kg,1047.0,8900.0,0.602,5609.616599999999,0.6302939999999999,See DN-2304 (ID#:82395),259709.34
83915,Senegal,Germany,Organic Cotton,21,lbs,21.0,7000.0,0.602,88.494,0.012642,632.63,1864.0
67225,South Sudan,Unkown,Recycled Polyester,See ASN-31765 (ID#:41640),kg,1047.0,7000.0,0.602,4412.057999999999,0.6302939999999999,See ASN-31765 (ID#:41640),576.0
82851,Côte d'Ivoire,India,Organic Cotton,550,kg,550.0,8900.0,0.602,2946.79,0.3311,2794.67,73643.4
30226,Mozambique,Unkown,Recycled Polyester,14938,kg,14938.0,7000.0,0.602,62948.731999999996,8.992676,43304.68,440000.0
69790,Uganda,Unkown,Organic Cotton,92,kg,92.0,7000.0,0.602,387.688,0.055383999999999996,1114,42957.0
75799,Ghana,India,Organic Cotton,915,kg,915.0,7000.0,0.602,3855.81,0.55083,6006.37,73967.4
82841,Côte d'Ivoire,India,Organic Cotton,See DN-1474 (ID#:82273),kg,1047.0,8900.0,0.602,5609.616599999999,0.6302939999999999,See DN-1474 (ID#:82273),9018.24
84549,Tanzania,India,Organic Cotton,460,kg,460.0,5900.0,0.602,1633.828,0.27692,Freight Included in Commodity Cost,13104.0
20619,Tanzania,Unkown,Recycled Polyester,1036,kg,1036.0,7000.0,0.602,4365.704,0.623672,17579.56,200000.0
74357,Kenya,Unkown,Recycled Polyester,1139,kg,1139.0,7000.0,0.602,4799.746,0.685678,11827.07,589002.0
12503,Haiti,India,Organic Cotton,178,kg,178.0,16200.0,0.602,1735.9271999999999,0.10715599999999999,2599,25387.25
85824,"Congo, DRC",India,Organic Cotton,12,kg,12.0,7000.0,0.602,50.568,0.0072239999999999995,91.43,512.6
84525,Guyana,India,Organic Cotton,See DN-1637 (ID#:84524),kg,1047.0,7000.0,0.602,4412.057999999999,0.6302939999999999,See DN-1637 (ID#:84524),8004.39
33863,Cameroon,India,Organic Cotton,4892,kg,4892.0,7000.0,0.602,20614.888,2.944984,41173.77,313126.95
83684,Rwanda,India,Organic Cotton,575,kg,575.0,7000.0,0.602,2423.0499999999997,0.34614999999999996,4095.24,3150.0
29538,Haiti,India,Organic Cotton,3699,kg,3699.0,16200.0,0.602,36074.12759999999,2.2267979999999996,21146.04,215524.8
1109,Côte d'Ivoire,Germany,Organic Cotton,2523,lbs,2523.0,4700.0,0.602,7138.5762,1.5188460000000001,14806.48,420864.0
86019,Burundi,India,Organic Cotton,201,kg,201.0,7000.0,0.602,847.014,0.121002,1530.81,796.05
43827,"Congo, DRC",Unkown,Recycled Polyester,See ASN-26738 (ID#:15115),kg,1047.0,7000.0,0.602,4412.057999999999,0.6302939999999999,See ASN-26738 (ID#:15115),192.0
9530,Haiti,Unkown,Recycled Polyester,2,kg,2.0,7000.0,0.602,8.427999999999999,0.0012039999999999998,1800.33,417.0
26571,Botswana,Unkown,Recycled Polyester,6,kg,6.0,7000.0,0.602,25.284,0.0036119999999999998,322.12,250.0
39708,Côte d'Ivoire,United Kingdom,Organic Cotton,546,lbs,546.0,4795.8332,0.602,1576.3520061744,0.328692,4901.51,11508.0
82603,Guyana,India,Organic Cotton,395,kg,395.0,7000.0,0.602,1664.53,0.23779,1303,660.3
36654,Uganda,Unkown,Organic Cotton,5,kg,5.0,7000.0,0.602,21.07,0.00301,41,2361.42
55679,Tanzania,Unkown,Recycled Polyester,1303,kg,1303.0,7000.0,0.602,5490.842,0.7844059999999999,22158.58,219520.0
78435,Namibia,Japan,Recycled Polyester,24,kg,24.0,7000.0,0.602,101.136,0.014447999999999999,677.37,7770.0
56898,Sudan,Unkown,Recycled Polyester,45,kg,45.0,7000.0,0.602,189.63,0.02709,1961.65,10324.0
11999,Haiti,India,Organic Cotton,78,kg,78.0,16200.0,0.602,760.6872,0.046956,6811.4,162.0
41992,Nigeria,Unkown,Recycled Polyester,Weight Captured Separately,kg,1047.0,7000.0,0.602,4412.057999999999,0.6302939999999999,Invoiced Separately,418033.0
10995,Uganda,India,Organic Cotton,2283,kg,2283.0,6200.0,0.602,8521.0692,1.374366,13586.1,236000.0
12791,Haiti,India,Organic Cotton,See DN-736 (ID#:12790),kg,1047.0,16200.0,0.602,10210.762799999999,0.6302939999999999,See DN-736 (ID#:12790),4757.55
85657,Haiti,India,Organic Cotton,See DN-1668 (ID#:83403),kg,1047.0,16200.0,0.602,10210.762799999999,0.6302939999999999,See DN-1668 (ID#:83403),12650.4
55159,Zambia,Japan,Recycled Polyester,See ASN-5853 (ID#:24427),kg,1047.0,7000.0,0.602,4412.057999999999,0.6302939999999999,See ASN-5853 (ID#:24427),131040.0
85102,Uganda,India,Organic Cotton,See DN-1761 (ID#:82312),kg,1047.0,6200.0,0.602,3907.8227999999995,0.6302939999999999,See DN-1761 (ID#:82312),238.0
12871,Côte d'Ivoire,India,Organic Cotton,Weight Captured Separately,kg,1047.0,8900.0,0.602,5609.616599999999,0.6302939999999999,Invoiced Separately,30400.0
64087,Nigeria,Unkown,Bamboo Textile,1746,kg,1746.0,7000.0,0.602,7357.643999999999,1.051092,11216.78,132000.0
85103,Uganda,India,Organic Cotton,13,kg,13.0,6200.0,0.602,48.52119999999999,0.007826,1758.6,14016.0
2295,Namibia,Unkown,Recycled Polyester,22,kg,22.0,7000.0,0.602,92.708,0.013244,1003.52,2176.0
6106,Ethiopia,Unkown,Recycled Polyester,3231,kg,3231.0,7000.0,0.602,13615.434,1.9450619999999998,15619.2,242028.0
79757,Vietnam,Germany,Organic Cotton,1232,lbs,1232.0,9000.0,0.602,6674.976,0.741664,8108.91,406972.2
86741,"Congo, DRC",India,Organic Cotton,See DN-3975 (ID#:82748),kg,1047.0,7000.0,0.602,4412.057999999999,0.6302939999999999,See DN-3975 (ID#:82748),3438.24
19335,Sudan,Unkown,Recycled Polyester,2,kg,2.0,7000.0,0.602,8.427999999999999,0.0012039999999999998,1076.15,24.0
84004,Uganda,India,Organic Cotton,580,kg,580.0,6200.0,0.602,2164.7919999999995,0.3491599999999999,6637.05,47658.0
44908,Mozambique,United Kingdom,Organic Cotton,Weight Captured Separately,kg,1047.0,7000.0,0.602,4412.057999999999,0.6302939999999999,Freight Included in Commodity Cost,54784.2
6257,Vietnam,India,Organic Cotton,See ASN-3561 (ID#:2297),kg,1047.0,4100.0,0.602,2584.2054,0.6302939999999999,See ASN-3561 (ID#:2297),13885.2
2647,Côte d'Ivoire,Unkown,Recycled Polyester,107,kg,107.0,7000.0,0.602,450.89799999999997,0.064414,1845.74,7535.0
85391,"Congo, DRC",India,Organic Cotton,See DN-3269 (ID#:83711),kg,1047.0,7000.0,0.602,4412.057999999999,0.6302939999999999,See DN-3269 (ID#:83711),21065.4
6896,Ethiopia,Unkown,Organic Cotton,1233,kg,1233.0,7000.0,0.602,5195.862,0.742266,5137.76,251940.0
2947,Vietnam,India,Organic Cotton,83,kg,83.0,4100.0,0.602,204.8606,0.049966,2426.05,600.0
10844,Rwanda,Unkown,Recycled Polyester,78,kg,78.0,7000.0,0.602,328.692,0.046956,1324.61,8000.0
11069,Côte d'Ivoire,India,Organic Cotton,485,kg,485.0,8900.0,0.602,2598.533,0.29197,7302.48,25322.8
1719,Côte d'Ivoire,Japan,Recycled Polyester,17,kg,17.0,7000.0,0.602,71.638,0.010234,Freight Included in Commodity Cost,2.5
16619,Zambia,India,Organic Cotton,1044,kg,1044.0,7600.0,0.602,4776.5088000000005,0.628488,5145.69,43000.0
85296,Guyana,India,Organic Cotton,See DN-2811 (ID#:83067),kg,1047.0,7000.0,0.602,4412.057999999999,0.6302939999999999,See DN-2811 (ID#:83067),561.6
9321,Côte d'Ivoire,Unkown,Organic Cotton,Weight Captured Separately,kg,1047.0,7000.0,0.602,4412.057999999999,0.6302939999999999,Freight Included in Commodity Cost,7833.96
30561,Nigeria,Unkown,Recycled Polyester,3090,kg,3090.0,7000.0,0.602,13021.26,1.86018,60185.33,831883.0
83628,Uganda,India,Organic Cotton,2870,kg,2870.0,6200.0,0.602,10711.988,1.7277399999999998,14974.6,121477.72
38504,Sudan,Unkown,Recycled Polyester,4,kg,4.0,7000.0,0.602,16.855999999999998,0.0024079999999999996,593.8,320.0
38183,Côte d'Ivoire,Unkown,Recycled Polyester,831,kg,831.0,7000.0,0.602,3501.834,0.500262,9254.06,49200.0
67661,Guyana,India,Organic Cotton,5,kg,5.0,7000.0,0.602,21.07,0.00301,672.49,513.0
12594,Côte d'Ivoire,Unkown,Organic Cotton,186,kg,186.0,7000.0,0.602,783.804,0.111972,1660.07,56700.0
19142,Vietnam,Germany,Organic Cotton,55,lbs,55.0,9000.0,0.602,297.99,0.03311,17.72,8675.98
11536,Nigeria,India,Organic Cotton,See DN-800 (ID#:10953),kg,1047.0,8100.0,0.602,5105.381399999999,0.6302939999999999,See DN-800 (ID#:10953),238.7
84646,Guyana,India,Organic Cotton,239,kg,239.0,7000.0,0.602,1007.146,0.143878,3106.89,1170.0
81540,Côte d'Ivoire,Unkown,Recycled Polyester,111,kg,111.0,7000.0,0.602,467.75399999999996,0.06682199999999999,1857.39,7175.0
12475,Haiti,Unkown,Organic Cotton,30,kg,30.0,7000.0,0.602,126.42,0.01806,933.09,1187.2
12541,Côte d'Ivoire,India,Organic Cotton,2113,kg,2113.0,8900.0,0.602,11321.0314,1.2720259999999999,5574.06,67698.0
11483,Côte d'Ivoire,Unkown,Organic Cotton,9248,kg,9248.0,7000.0,0.602,38971.07199999999,5.567295999999999,25563,28756.5
85658,Haiti,Unkown,Organic Cotton,101,kg,101.0,7000.0,0.602,425.614,0.060801999999999995,6036.98,22500.0
269,Vietnam,Unkown,Organic Cotton,76,kg,76.0,7000.0,0.602,320.264,0.045752,2282.57,17000.0
77113,Côte d'Ivoire,Unkown,Recycled Polyester,357,kg,357.0,7000.0,0.602,1504.398,0.214914,5640.23,38130.0
82849,Haiti,India,Organic Cotton,306,kg,306.0,16200.0,0.602,2984.2344,0.184212,4030.02,4819.5
12337,Mozambique,India,Organic Cotton,193,kg,193.0,7200.0,0.602,836.5392,0.11618600000000001,478.51,2567.5
8922,Tanzania,Germany,Organic Cotton,See ASN-4381 (ID#:4949),lbs,1047.0,7300.0,0.602,4601.146199999999,0.6302939999999999,See ASN-4381 (ID#:4949),2466.0
83416,Nigeria,India,Organic Cotton,1444,kg,1444.0,8100.0,0.602,7041.2328,0.869288,124350.84,40950.0
2008,Ethiopia,Unkown,Recycled Polyester,5057,kg,5057.0,7000.0,0.602,21310.198,3.044314,44347.71,160954.0
81197,Botswana,Unkown,Recycled Polyester,6,kg,6.0,7000.0,0.602,25.284,0.0036119999999999998,337.89,250.0
12399,Mozambique,Unkown,Recycled Polyester,841,kg,841.0,7000.0,0.602,3543.9739999999997,0.506282,3818.4,80000.0
84165,Libya,India,Organic Cotton,See DN-2641 (ID#:83029),kg,1047.0,7000.0,0.602,4412.057999999999,0.6302939999999999,See DN-2641 (ID#:83029),29245.32
5047,South Africa,Unkown,Organic Cotton,Weight Captured Separately,kg,1047.0,7000.0,0.602,4412.057999999999,0.6302939999999999,Freight Included in Commodity Cost,2336.0
11316,Nigeria,India,Organic Cotton,1079,kg,1079.0,8100.0,0.602,5261.4198,0.649558,10823.52,108106.2
12480,Nigeria,India,Organic Cotton,See DN-717 (ID#:11858),kg,1047.0,8100.0,0.602,5105.381399999999,0.6302939999999999,See DN-717 (ID#:11858),412.95
9026,South Africa,India,Organic Cotton,Weight Captured Separately,kg,1047.0,8450.0,0.602,5325.984299999999,0.6302939999999999,Freight Included in Commodity Cost,85280.0
11570,Nigeria,India,Organic Cotton,127,kg,127.0,8100.0,0.602,619.2774000000001,0.07645400000000001,4984.4,1469.4
86390,Benin,India,Organic Cotton,See DN-2237 (ID#:82954),kg,1047.0,7000.0,0.602,4412.057999999999,0.6302939999999999,See DN-2237 (ID#:82954),35343.31
4854,Guyana,Japan,Recycled Polyester,60,kg,60.0,7000.0,0.602,252.84,0.03612,1097.78,25272.0
10861,Mozambique,United Kingdom,Organic Cotton,See DN-304 (ID#:10589),lbs,1047.0,7000.0,0.602,4412.057999999999,0.6302939999999999,See DN-304 (ID#:10589),5485.48
7708,Haiti,Unkown,Recycled Polyester,78,kg,78.0,7000.0,0.602,328.692,0.046956,1953.6,15290.0
16794,Rwanda,India,Organic Cotton,3790,kg,3790.0,7000.0,0.602,15971.06,2.28158,66260.33,14631.9
11040,Guyana,India,Organic Cotton,28,kg,28.0,7000.0,0.602,117.99199999999999,0.016856,1047.24,3770.19
12567,Mozambique,India,Organic Cotton,3218,kg,3218.0,7200.0,0.602,13948.099199999999,1.9372359999999997,15990.35,310245.6
38992,South Sudan,Unkown,Recycled Polyester,Weight Captured Separately,kg,1047.0,7000.0,0.602,4412.057999999999,0.6302939999999999,Invoiced Separately,500.0
3615,Vietnam,India,Organic Cotton,18,kg,18.0,4100.0,0.602,44.4276,0.010836,2525.73,2520.0
5657,Uganda,Unkown,Recycled Polyester,483,kg,483.0,7000.0,0.602,2035.3619999999999,0.29076599999999997,4193.88,34425.0
66992,Guyana,Unkown,Recycled Polyester,11,kg,11.0,7000.0,0.602,46.354,0.006622,386.16,540.0
12754,Côte d'Ivoire,India,Organic Cotton,4026,kg,4026.0,8900.0,0.602,21570.5028,2.4236519999999997,13325,296000.0
82891,Uganda,India,Organic Cotton,690,kg,690.0,6200.0,0.602,2575.3559999999998,0.41537999999999997,5410.32,56000.0
12323,Côte d'Ivoire,India,Organic Cotton,581,kg,581.0,8900.0,0.602,3112.8817999999997,0.34976199999999996,1234.9,2970.24
10353,South Africa,South Africa,Organic Cotton,See ASN-3760 (ID#:5049),kg,1047.0,200.0,0.602,126.05879999999998,0.6302939999999999,See ASN-3760 (ID#:5049),10460.0
77082,Haiti,Unkown,Recycled Polyester,1624,kg,1624.0,7000.0,0.602,6843.536,0.977648,14758.34,400000.0
86666,Nigeria,India,Organic Cotton,See DN-3619 (ID#:86069),kg,1047.0,8100.0,0.75,6360.525,0.78525,See DN-3619 (ID#:86069),312797.94
83274,Nigeria,India,Organic Cotton,19976,kg,19976.0,8100.0,0.75,121354.20000000001,14.982000000000001,67504,1307403.45
85075,Nigeria,India,Organic Cotton,2390,kg,2390.0,8100.0,0.75,14519.25,1.7925,Freight Included in Commodity Cost,122000.0
84091,Nigeria,India,Organic Cotton,1107,kg,1107.0,8100.0,0.75,6725.025000000001,0.83025,13398.06,38925.08
12894,Nigeria,Unkown,Organic Cotton,See DN-1296 (ID#:10779),kg,1047.0,7000.0,0.75,5496.749999999999,0.7852499999999999,See DN-1296 (ID#:10779),20000.0
85808,Nigeria,India,Organic Cotton,726,kg,726.0,8100.0,0.75,4410.45,0.5445,15322.73,46183.68
82883,Nigeria,India,Organic Cotton,107,kg,107.0,8100.0,0.75,650.025,0.08025,9736.1,10748.52
82454,Nigeria,India,Organic Cotton,3203,kg,3203.0,8100.0,0.75,19458.225,2.40225,25231.96,448330.54
83369,Nigeria,India,Organic Cotton,See DN-1311 (ID#:82837),kg,1047.0,8100.0,0.75,6360.525,0.78525,See DN-1311 (ID#:82837),73.0
83648,Nigeria,India,Organic Cotton,12135,kg,12135.0,8100.0,0.75,73720.125,9.10125,29780.5,1352448.79
86415,Nigeria,India,Organic Cotton,10428,kg,10428.0,8100.0,0.75,63350.100000000006,7.821000000000001,18495.9,1811365.44
83686,Nigeria,India,Organic Cotton,17470,kg,17470.0,8100.0,0.75,106130.25,13.1025,20666.07,1262400.0
83421,Nigeria,India,Organic Cotton,5552,kg,5552.0,8100.0,0.75,33728.399999999994,4.164,9736.1,24235.2
32029,Zimbabwe,India,Organic Cotton,4584,kg,4584.0,7900.0,0.75,27160.199999999997,3.4379999999999997,25682.65,194927.04
86486,Nigeria,India,Organic Cotton,See DN-2709 (ID#:83049),kg,1047.0,8100.0,0.75,6360.525,0.78525,See DN-2709 (ID#:83049),440000.0
83418,Nigeria,India,Organic Cotton,216,kg,216.0,8100.0,0.75,1312.1999999999998,0.16199999999999998,9736.1,4647.5
84500,Nigeria,India,Organic Cotton,See DN-1360 (ID#:83371),kg,1047.0,8100.0,0.75,6360.525,0.78525,See DN-1360 (ID#:83371),190.95
86743,Nigeria,Unkown,Organic Cotton,5735,kg,5735.0,7000.0,0.75,30108.75,4.30125,20138,263340.0
12886,Nigeria,India,Organic Cotton,See DN-1244 (ID#:11048),kg,1047.0,8100.0,0.75,6360.525,0.78525,See DN-1244 (ID#:11048),1531.4
11057,Nigeria,India,Organic Cotton,See DN-1296 (ID#:10779),kg,1047.0,8100.0,0.75,6360.525,0.78525,See DN-1296 (ID#:10779),45780.0
84271,Nigeria,India,Organic Cotton,7733,kg,7733.0,8100.0,0.75,46977.975,5.7997499999999995,20761,152764.92
12864,Nigeria,India,Organic Cotton,1364,kg,1364.0,8100.0,0.75,8286.300000000001,1.0230000000000001,Freight Included in Commodity Cost,155520.0
85361,Nigeria,India,Organic Cotton,486,kg,486.0,8100.0,0.75,2952.45,0.3645,14547.55,21757.02
12322,Nigeria,India,Organic Cotton,198,kg,198.0,8100.0,0.75,1202.8500000000001,0.14850000000000002,9341.49,20018.4
85907,Cameroon,India,Organic Cotton,See DN-2887 (ID#:82520),kg,1047.0,7000.0,0.75,5496.749999999999,0.7852499999999999,See DN-2887 (ID#:82520),99084.96
85999,Nigeria,India,Organic Cotton,857,kg,857.0,8100.0,0.75,5206.275,0.6427499999999999,34218.36,29693.61
82871,Nigeria,India,Organic Cotton,3,kg,3.0,8100.0,0.75,18.225,0.0022500000000000003,Freight Included in Commodity Cost,375.0
83950,Nigeria,India,Organic Cotton,See DN-1452 (ID#:82272),kg,1047.0,8100.0,0.75,6360.525,0.78525,See DN-1452 (ID#:82272),290.88
86348,Nigeria,India,Organic Cotton,3934,kg,3934.0,8100.0,0.75,23899.050000000003,2.9505000000000003,20264.93,89397.0
11949,Nigeria,India,Organic Cotton,See DN-1124 (ID#:11620),kg,1047.0,8100.0,0.75,6360.525,0.78525,See DN-1124 (ID#:11620),1582.7
85670,Nigeria,India,Organic Cotton,662,kg,662.0,8100.0,0.75,4021.6499999999996,0.49649999999999994,9736.1,35625.0
73665,South Africa,India,Organic Cotton,9374,tonnes,9374.0,8450.0,0.0117,926.7605100000001,0.1096758,11372.23,440222.76
19656,South Africa,India,Organic Cotton,8183,tonnes,8183.0,8450.0,0.0117,809.0122950000001,0.09574110000000001,12225.76,416716.17
15460,Haiti,India,Organic Cotton,17826,tonnes,17826.0,16200.0,0.0117,3378.74004,0.2085642,20526.23,170159.22
71956,Haiti,India,Organic Cotton,See ASN-30463 (ID#:15460),tonnes,1047.0,16200.0,0.0117,198.44838,0.0122499,See ASN-30463 (ID#:15460),298440.0
23024,South Africa,India,Organic Cotton,7778,tonnes,7778.0,8450.0,0.0117,768.9719699999999,0.09100259999999999,20684.73,435675.0
57538,South Africa,India,Organic Cotton,3099,tonnes,3099.0,8450.0,0.0117,306.38263500000005,0.03625830000000001,7321.43,131450.0
27185,South Africa,India,Organic Cotton,40,tonnes,40.0,8450.0,0.0117,3.9546,0.000468,422.84,2451.0
36219,South Africa,India,Organic Cotton,5178,tonnes,5178.0,8450.0,0.0117,511.92297,0.0605826,14621.3,730000.0
70356,South Africa,India,Organic Cotton,20896,tonnes,20896.0,8450.0,0.0117,2065.88304,0.2444832,16429.13,1048441.38
37987,South Africa,India,Organic Cotton,338,tonnes,338.0,8450.0,0.0117,33.41637000000001,0.003954600000000001,6147.09,25007.29
56734,South Africa,India,Organic Cotton,2283,tonnes,2283.0,8450.0,0.0117,225.70879499999998,0.026711099999999998,3649.67,356005.85
20735,Rwanda,Unkown,Organic Cotton,12886,tonnes,12886.0,7000.0,0.0117,1055.3634,0.1507662,102761.99,706200.0
41780,South Africa,India,Organic Cotton,11201,tonnes,11201.0,8450.0,0.0117,1107.386865,0.1310517,13084.26,798000.0
22778,South Africa,India,Organic Cotton,52,tonnes,52.0,8450.0,0.0117,5.14098,0.0006083999999999999,4295.61,7571.89
41916,South Africa,India,Organic Cotton,4154,tonnes,4154.0,8450.0,0.0117,410.68521000000004,0.04860180000000001,9951.37,220385.66
64351,South Africa,India,Organic Cotton,Weight Captured Separately,tonnes,1047.0,8450.0,0.0117,103.511655,0.012249900000000001,Freight Included in Commodity Cost,407131.23
12536,Uganda,India,Organic Cotton,71,tonnes,71.0,6200.0,0.0117,5.15034,0.0008307,1240,2332.0
56505,South Africa,India,Organic Cotton,Weight Captured Separately,tonnes,1047.0,8450.0,0.0117,103.511655,0.012249900000000001,Freight Included in Commodity Cost,351377.76
70260,South Africa,United Kingdom,Organic Cotton,Weight Captured Separately,kg,1047.0,9672.1334,0.0626,633.93290172948,0.0655422,Freight Included in Commodity Cost,1607.43
83024,Mozambique,India,Organic Cotton,28088,kg,28088.0,7200.0,0.0626,12659.82336,1.7583088,19652.22,1321143.78
85287,Côte d'Ivoire,India,Organic Cotton,740,kg,740.0,8900.0,0.0626,412.28360000000004,0.046324000000000004,4754.52,27808.0
86670,Mozambique,India,Organic Cotton,See DN-3627 (ID#:83782),kg,1047.0,7200.0,0.0626,471.90384,0.0655422,See DN-3627 (ID#:83782),2419.2
11061,Zambia,India,Organic Cotton,2876,kg,2876.0,7600.0,0.0626,1368.28576,0.1800376,4506.18,407649.0
84204,Mozambique,India,Organic Cotton,See DN-2928 (ID#:83637),kg,1047.0,7200.0,0.0626,471.90384,0.0655422,See DN-2928 (ID#:83637),336839.04
12484,Tanzania,India,Organic Cotton,15566,kg,15566.0,5900.0,0.0626,5749.14644,0.9744316000000001,9330,900750.0
86077,Côte d'Ivoire,India,Organic Cotton,See DN-3655 (ID#:83237),kg,1047.0,8900.0,0.0626,583.32558,0.0655422,See DN-3655 (ID#:83237),5200.0
82985,Mozambique,India,Organic Cotton,See DN-2392 (ID#:82413),kg,1047.0,7200.0,0.0626,471.90384,0.0655422,See DN-2392 (ID#:82413),3684.6
84084,Zambia,India,Organic Cotton,1168,kg,1168.0,7600.0,0.0626,555.68768,0.0731168,3402.23,19944.46
83464,Côte d'Ivoire,India,Organic Cotton,See DN-2035 (ID#:82356),kg,1047.0,8900.0,0.0626,583.32558,0.0655422,See DN-2035 (ID#:82356),86736.32
12499,Kenya,Japan,Recycled Polyester,See DN-675 (ID#:11247),kg,1047.0,7000.0,0.0626,458.7954,0.0655422,See DN-675 (ID#:11247),15.5
30462,South Africa,India,Organic Cotton,Weight Captured Separately,kg,1047.0,8450.0,0.0626,553.83159,0.0655422,Freight Included in Commodity Cost,1368.58
85308,Mozambique,India,Organic Cotton,See DN-2862 (ID#:83083),kg,1047.0,7200.0,0.0626,471.90384,0.0655422,See DN-2862 (ID#:83083),19060.92
51578,South Africa,India,Organic Cotton,Weight Captured Separately,kg,1047.0,8450.0,0.0626,553.83159,0.0655422,Freight Included in Commodity Cost,136.19
85409,Zambia,India,Organic Cotton,6502,kg,6502.0,7600.0,0.0626,3093.39152,0.40702520000000003,13300.01,180800.0
84150,Tanzania,India,Organic Cotton,9208,kg,9208.0,5900.0,0.0626,3400.8827200000005,0.5764208000000001,3825.8,695873.75
82635,Zimbabwe,India,Organic Cotton,873,kg,873.0,7900.0,0.0626,431.73342,0.054649800000000005,15000,41409.29
50498,South Africa,India,Organic Cotton,Weight Captured Separately,kg,1047.0,8450.0,0.0626,553.83159,0.0655422,Freight Included in Commodity Cost,228.01
83119,Côte d'Ivoire,India,Organic Cotton,3264,kg,3264.0,8900.0,0.0626,1818.50496,0.2043264,14368.65,87254.24
84797,Zambia,India,Organic Cotton,2452,kg,2452.0,7600.0,0.0626,1166.5635200000002,0.15349520000000003,5520.86,92400.0
85712,Uganda,India,Organic Cotton,4050,kg,4050.0,6200.0,0.0626,1571.886,0.25353,15759.47,336600.0
30649,South Africa,India,Organic Cotton,Weight Captured Separately,kg,1047.0,8450.0,0.0626,553.83159,0.0655422,Freight Included in Commodity Cost,52283.01
85898,Zambia,India,Organic Cotton,See DN-2833 (ID#:82506),kg,1047.0,7600.0,0.0626,498.12072,0.0655422,See DN-2833 (ID#:82506),102299.44
86662,Zimbabwe,India,Organic Cotton,See DN-3588 (ID#:83225),kg,1047.0,7900.0,0.0626,517.78338,0.0655422,See DN-3588 (ID#:83225),1594706.45
84005,Zimbabwe,India,Organic Cotton,509,kg,509.0,7900.0,0.0626,251.72086000000002,0.0318634,3833.17,28025.0
85444,Côte d'Ivoire,India,Organic Cotton,4392,kg,4392.0,8900.0,0.0626,2446.95888,0.2749392,18607.76,240759.0
83706,Zambia,India,Organic Cotton,645,kg,645.0,7600.0,0.0626,306.8652,0.040377,5213.01,14281.92
85900,Côte d'Ivoire,India,Organic Cotton,See DN-2861 (ID#:82513),kg,1047.0,8900.0,0.0626,583.32558,0.0655422,See DN-2861 (ID#:82513),166771.32
84873,Rwanda,India,Organic Cotton,7248,kg,7248.0,7000.0,0.0626,3176.0736,0.45372480000000004,11571.94,719175.0
85569,Côte d'Ivoire,India,Organic Cotton,110,kg,110.0,8900.0,0.0626,61.2854,0.006886000000000001,707.7,6262.2
83673,Tanzania,India,Organic Cotton,2006,kg,2006.0,5900.0,0.0626,740.8960399999999,0.12557559999999998,3300.95,145934.94
83076,Uganda,India,Organic Cotton,2078,kg,2078.0,6200.0,0.0626,806.5133599999999,0.1300828,15761.76,252784.56
82636,Zimbabwe,India,Organic Cotton,6428,kg,6428.0,7900.0,0.0626,3178.90312,0.4023928,15847.19,432041.25
84641,Zimbabwe,India,Organic Cotton,See DN-2181 (ID#:84640),kg,1047.0,7900.0,0.0626,517.78338,0.0655422,See DN-2181 (ID#:84640),122731.44
47136,South Africa,Unkown,Organic Cotton,Weight Captured Separately,kg,1047.0,7000.0,0.0626,458.7954,0.0655422,Freight Included in Commodity Cost,4157.82
10390,South Africa,Unkown,Organic Cotton,Weight Captured Separately,kg,1047.0,7000.0,0.0626,458.7954,0.0655422,Freight Included in Commodity Cost,1970.4
20723,South Africa,India,Organic Cotton,Weight Captured Separately,kg,1047.0,8450.0,0.0626,553.83159,0.0655422,Freight Included in Commodity Cost,99.53
86673,Côte d'Ivoire,India,Organic Cotton,See DN-3631 (ID#:85458),kg,1047.0,8900.0,0.0626,583.32558,0.0655422,See DN-3631 (ID#:85458),571460.64
86580,Zambia,India,Organic Cotton,2270,kg,2270.0,7600.0,0.0626,1079.9752,0.142102,4356.75,96666.98
84392,Zimbabwe,India,Organic Cotton,See DN-3825 (ID#:82702),kg,1047.0,7900.0,0.0626,517.78338,0.0655422,See DN-3825 (ID#:82702),648200.0
76638,South Africa,Germany,Organic Cotton,Weight Captured Separately,lbs,1047.0,9700.0,0.0626,635.75934,0.0655422,Freight Included in Commodity Cost,3142.69
86694,Zimbabwe,India,Organic Cotton,See DN-3771 (ID#:84943),kg,1047.0,7900.0,0.0626,517.78338,0.0655422,See DN-3771 (ID#:84943),402499.22
85008,Zambia,India,Organic Cotton,10615,kg,10615.0,7600.0,0.0626,5050.1924,0.664499,22520.71,871200.0
62158,South Africa,India,Organic Cotton,Weight Captured Separately,kg,1047.0,8450.0,0.0626,553.83159,0.0655422,Freight Included in Commodity Cost,383.14
83263,Tanzania,India,Organic Cotton,590,kg,590.0,5900.0,0.0626,217.91060000000002,0.036934,5399.25,31121.61
35559,South Africa,India,Organic Cotton,Weight Captured Separately,kg,1047.0,8450.0,0.0626,553.83159,0.0655422,Freight Included in Commodity Cost,59.69
85097,Mozambique,India,Organic Cotton,3563,kg,3563.0,7200.0,0.0626,1605.9153600000002,0.22304380000000001,3423.26,340134.3
17359,South Africa,Unkown,Organic Cotton,Weight Captured Separately,kg,1047.0,7000.0,0.0626,458.7954,0.0655422,Freight Included in Commodity Cost,166.54
85333,Zimbabwe,India,Organic Cotton,52,kg,52.0,7900.0,0.0626,25.716079999999998,0.0032551999999999998,1600,11307.6
60816,South Africa,Unkown,Organic Cotton,Weight Captured Separately,kg,1047.0,7000.0,0.0626,458.7954,0.0655422,Freight Included in Commodity Cost,141.39
86773,Uganda,India,Organic Cotton,297,kg,297.0,6200.0,0.0626,115.27163999999999,0.0185922,1326,18650.0
80275,South Africa,Unkown,Organic Cotton,Weight Captured Separately,kg,1047.0,7000.0,0.0626,458.7954,0.0655422,Freight Included in Commodity Cost,9049.25
85840,Zambia,India,Organic Cotton,6005,kg,6005.0,7600.0,0.0626,2856.9388000000004,0.37591300000000005,5447.21,410821.68
86270,Zimbabwe,India,Organic Cotton,See DN-1659 (ID#:82859),kg,1047.0,7900.0,0.0626,517.78338,0.0655422,See DN-1659 (ID#:82859),6460.0
12212,Zimbabwe,India,Organic Cotton,See DN-1015 (ID#:11561),kg,1047.0,7900.0,0.0626,517.78338,0.0655422,See DN-1015 (ID#:11561),48040.0
60866,South Africa,Unkown,Organic Cotton,Weight Captured Separately,kg,1047.0,7000.0,0.0626,458.7954,0.0655422,Freight Included in Commodity Cost,495.23
84366,Mozambique,India,Organic Cotton,10073,kg,10073.0,7200.0,0.0626,4540.10256,0.6305698000000001,7048.57,605192.53
84910,Tanzania,India,Organic Cotton,5065,kg,5065.0,5900.0,0.0626,1870.7071000000003,0.31706900000000005,2352.52,664036.02
83888,Zimbabwe,India,Organic Cotton,45186,kg,45186.0,7900.0,0.0626,22346.284440000003,2.8286436000000004,47401.47,3904000.0
82634,Mozambique,Unkown,Organic Cotton,18838,kg,18838.0,7000.0,0.0626,8254.8116,1.1792588000000002,7928.11,892791.65
82384,Zimbabwe,India,Organic Cotton,2032,kg,2032.0,7900.0,0.0626,1004.9052800000001,0.12720320000000002,4428.06,148750.0
86749,Uganda,India,Organic Cotton,See DN-4019 (ID#:84429),kg,1047.0,6200.0,0.0626,406.36164,0.06554220000000001,See DN-4019 (ID#:84429),72225.0
83244,Côte d'Ivoire,India,Organic Cotton,166,kg,166.0,8900.0,0.0626,92.48524,0.0103916,1137.18,12000.0
86458,Mozambique,India,Organic Cotton,See DN-2590 (ID#:83019),kg,1047.0,7200.0,0.0626,471.90384,0.0655422,See DN-2590 (ID#:83019),136619.72
63582,South Africa,India,Organic Cotton,Weight Captured Separately,kg,1047.0,8450.0,0.0626,553.83159,0.0655422,Freight Included in Commodity Cost,1561.82
86758,Côte d'Ivoire,India,Organic Cotton,See DN-4064 (ID#:82765),kg,1047.0,8900.0,0.0626,583.32558,0.0655422,See DN-4064 (ID#:82765),926400.0
85587,Uganda,India,Organic Cotton,See DN-4218 (ID#:83326),kg,1047.0,6200.0,0.0626,406.36164,0.06554220000000001,See DN-4218 (ID#:83326),172782.44
85758,Zambia,India,Organic Cotton,6,kg,6.0,7600.0,0.0626,2.85456,0.0003756,3402.23,210.84
15795,South Africa,India,Organic Cotton,Weight Captured Separately,kg,1047.0,8450.0,0.0626,553.83159,0.0655422,Freight Included in Commodity Cost,216.37
82633,Mozambique,India,Organic Cotton,17181,kg,17181.0,7200.0,0.0626,7743.820320000001,1.0755306,15814.01,327096.0
11045,Ghana,India,Organic Cotton,See DN-1235 (ID#:10769),kg,1047.0,7000.0,0.0626,458.7954,0.0655422,See DN-1235 (ID#:10769),1.5
11582,Zambia,India,Organic Cotton,2773,kg,2773.0,7600.0,0.0626,1319.28248,0.17358980000000002,2938.92,170000.0
59698,South Africa,India,Organic Cotton,Weight Captured Separately,kg,1047.0,8450.0,0.0626,553.83159,0.0655422,Freight Included in Commodity Cost,2179.73
84284,Zambia,India,Organic Cotton,2004,kg,2004.0,7600.0,0.0626,953.42304,0.1254504,4356.75,198017.7
86650,Côte d'Ivoire,India,Organic Cotton,5450,kg,5450.0,8900.0,0.0626,3036.413,0.34117000000000003,23701.58,418611.2
20407,South Africa,India,Organic Cotton,Weight Captured Separately,kg,1047.0,8450.0,0.0626,553.83159,0.0655422,Freight Included in Commodity Cost,13051.03
82370,Uganda,India,Organic Cotton,17496,kg,17496.0,6200.0,0.0626,6790.54752,1.0952496,104604.06,1316857.74
83645,Zimbabwe,India,Organic Cotton,See DN-2975 (ID#:82536),kg,1047.0,7900.0,0.0626,517.78338,0.0655422,See DN-2975 (ID#:82536),897.12
85837,Uganda,India,Organic Cotton,460,kg,460.0,6200.0,0.0626,178.5352,0.028796000000000002,3571.6,35172.8
85007,Côte d'Ivoire,India,Organic Cotton,See DN-4064 (ID#:82765),kg,1047.0,8900.0,0.0626,583.32558,0.0655422,See DN-4064 (ID#:82765),15037.8
86018,Uganda,India,Organic Cotton,4067,kg,4067.0,6200.0,0.0626,1578.48404,0.2545942,6976.78,222657.12
83653,Côte d'Ivoire,India,Organic Cotton,1639,kg,1639.0,8900.0,0.0626,913.15246,0.1026014,7690.06,174456.66
12869,Zimbabwe,India,Organic Cotton,483,kg,483.0,7900.0,0.0626,238.86282,0.0302358,2947.59,16000.0
83635,Zimbabwe,India,Organic Cotton,See DN-2914 (ID#:83089),kg,1047.0,7900.0,0.0626,517.78338,0.0655422,See DN-2914 (ID#:83089),54463.08
84234,Côte d'Ivoire,India,Organic Cotton,See DN-3046 (ID#:83119),kg,1047.0,8900.0,0.0626,583.32558,0.0655422,See DN-3046 (ID#:83119),209865.76
17844,South Africa,India,Organic Cotton,Weight Captured Separately,kg,1047.0,8450.0,0.0626,553.83159,0.0655422,Freight Included in Commodity Cost,42.65
60375,South Africa,India,Organic Cotton,Weight Captured Separately,kg,1047.0,8450.0,0.0626,553.83159,0.0655422,Freight Included in Commodity Cost,1089.02
2015,South Africa,Germany,Organic Cotton,Weight Captured Separately,kg,1047.0,9700.0,0.0626,635.75934,0.0655422,Freight Included in Commodity Cost,557.6
83044,Zimbabwe,India,Organic Cotton,See DN-2695 (ID#:83043),kg,1047.0,7900.0,0.0626,517.78338,0.0655422,See DN-2695 (ID#:83043),26024.1
5076,South Africa,Unkown,Organic Cotton,Weight Captured Separately,kg,1047.0,7000.0,0.0626,458.7954,0.0655422,Freight Included in Commodity Cost,5315.0
54960,South Africa,India,Organic Cotton,Weight Captured Separately,kg,1047.0,8450.0,0.0626,553.83159,0.0655422,Freight Included in Commodity Cost,120.98
85850,Zambia,India,Organic Cotton,17001,kg,17001.0,7600.0,0.0626,8088.39576,1.0642626,8510.81,2509500.0
53852,South Africa,India,Organic Cotton,Weight Captured Separately,kg,1047.0,8450.0,0.0626,553.83159,0.0655422,Freight Included in Commodity Cost,13007.18
83448,Mozambique,India,Organic Cotton,12980,kg,12980.0,7200.0,0.0626,5850.345600000001,0.812548,11134.62,863940.0
82582,Zambia,India,Organic Cotton,424,kg,424.0,7600.0,0.0626,201.72224000000003,0.026542400000000004,11941.65,7864.8
84123,Tanzania,India,Organic Cotton,355,kg,355.0,5900.0,0.0626,131.1157,0.022223,2682.2,44928.0
32344,Dominican Republic,United States,Organic Cotton,268,lbs,268.0,7000.0,0.0626,117.4376,0.0167768,666.66,49824.0
82735,Zambia,India,Organic Cotton,3237,kg,3237.0,7600.0,0.0626,1540.03512,0.2026362,4208.35,187892.0
86479,Zimbabwe,India,Organic Cotton,1838,kg,1838.0,7900.0,0.0626,908.9645200000001,0.11505880000000002,5530.11,314806.0
84747,Côte d'Ivoire,India,Organic Cotton,14413,kg,14413.0,8900.0,0.0626,8030.05882,0.9022538,11874.85,735750.0
83200,Uganda,India,Organic Cotton,2978,kg,2978.0,6200.0,0.0626,1155.8213600000001,0.18642280000000003,5458.46,19500.0
77070,South Africa,Unkown,Organic Cotton,Weight Captured Separately,kg,1047.0,7000.0,0.0626,458.7954,0.0655422,Freight Included in Commodity Cost,479.95
70138,South Africa,India,Organic Cotton,Weight Captured Separately,kg,1047.0,8450.0,0.0626,553.83159,0.0655422,Freight Included in Commodity Cost,1871.52
83066,Uganda,India,Organic Cotton,5641,kg,5641.0,6200.0,0.0626,2189.38492,0.3531266,2175.07,258685.6
84782,Zimbabwe,Unkown,Organic Cotton,See DN-2989 (ID#:84216),kg,1047.0,7000.0,0.0626,458.7954,0.0655422,See DN-2989 (ID#:84216),574703.61
17348,South Africa,India,Organic Cotton,Weight Captured Separately,kg,1047.0,8450.0,0.0626,553.83159,0.0655422,Freight Included in Commodity Cost,1046.28
84832,Côte d'Ivoire,India,Organic Cotton,188,kg,188.0,8900.0,0.0626,104.74232,0.011768800000000001,1478.35,12120.0
82416,Mozambique,India,Organic Cotton,1102,kg,1102.0,7200.0,0.0626,496.69344000000007,0.06898520000000001,2779.53,5713.5
83882,Zambia,India,Organic Cotton,7521,kg,7521.0,7600.0,0.0626,3578.19096,0.47081459999999997,8265.26,132945.36
77480,South Africa,India,Organic Cotton,Weight Captured Separately,kg,1047.0,8450.0,0.0626,553.83159,0.0655422,Freight Included in Commodity Cost,1483.72
25019,South Africa,India,Organic Cotton,Weight Captured Separately,kg,1047.0,8450.0,0.0626,553.83159,0.0655422,Freight Included in Commodity Cost,2011.46
84667,Zambia,India,Organic Cotton,18994,kg,18994.0,7600.0,0.0626,9036.58544,1.1890244,21077.51,1665853.0
85534,Tanzania,India,Organic Cotton,2346,kg,2346.0,5900.0,0.0626,866.47164,0.1468596,1462.81,73904.1
85883,Côte d'Ivoire,India,Organic Cotton,972,kg,972.0,8900.0,0.0626,541.54008,0.0608472,4754.53,129945.6
84216,Zimbabwe,India,Organic Cotton,58270,kg,58270.0,7900.0,0.0626,28816.845800000003,3.647702,47389.63,1066853.19
84603,Zambia,India,Organic Cotton,See DN-2054 (ID#:83465),kg,1047.0,7600.0,0.0626,498.12072,0.0655422,See DN-2054 (ID#:83465),19835.79
86309,Zambia,India,Organic Cotton,8544,kg,8544.0,7600.0,0.0626,4064.8934400000003,0.5348544000000001,11054.56,876000.0
74213,South Africa,India,Organic Cotton,Weight Captured Separately,kg,1047.0,8450.0,0.0626,553.83159,0.0655422,Freight Included in Commodity Cost,14023.43
85204,Zimbabwe,India,Organic Cotton,298,kg,298.0,7900.0,0.0626,147.37292,0.0186548,1360.32,10100.0
84937,Mozambique,India,Organic Cotton,See DN-3752 (ID#:84373),kg,1047.0,7200.0,0.0626,471.90384,0.0655422,See DN-3752 (ID#:84373),96300.0
86823,Zimbabwe,India,Organic Cotton,Weight Captured Separately,kg,1047.0,7900.0,0.0626,517.78338,0.0655422,Freight Included in Commodity Cost,72911.61
85810,Côte d'Ivoire,India,Organic Cotton,See DN-2459 (ID#:82424),kg,1047.0,8900.0,0.0626,583.32558,0.0655422,See DN-2459 (ID#:82424),6209.28
35637,South Africa,India,Organic Cotton,Weight Captured Separately,kg,1047.0,8450.0,0.0626,553.83159,0.0655422,Freight Included in Commodity Cost,19.68
1929,South Africa,Unkown,Organic Cotton,Weight Captured Separately,kg,1047.0,7000.0,0.0626,458.7954,0.0655422,Freight Included in Commodity Cost,150.48
83601,Zambia,India,Organic Cotton,21534,kg,21534.0,7600.0,0.0626,10245.01584,1.3480284,13914.56,2857600.0
83546,Tanzania,India,Organic Cotton,5641,kg,5641.0,5900.0,0.0626,2083.4469400000003,0.35312660000000007,45291.49,29250.0
28309,South Africa,United Kingdom,Organic Cotton,Weight Captured Separately,lbs,1047.0,9672.1334,0.0626,633.93290172948,0.0655422,Freight Included in Commodity Cost,66.2
84952,Mozambique,India,Organic Cotton,1307,kg,1307.0,7200.0,0.0626,589.09104,0.08181820000000001,1482.7,66483.0
83494,Zambia,India,Organic Cotton,13222,kg,13222.0,7600.0,0.0626,6290.4987200000005,0.8276972,4471.08,2394384.0
12811,Zimbabwe,Japan,Recycled Polyester,See DN-774 (ID#:11268),kg,1047.0,7000.0,0.0626,458.7954,0.0655422,See DN-774 (ID#:11268),129582.0
82474,Zimbabwe,India,Organic Cotton,8433,kg,8433.0,7900.0,0.0626,4170.45582,0.5279058,15219.71,41170.12
10961,Zambia,India,Organic Cotton,7393,kg,7393.0,7600.0,0.0626,3517.2936799999998,0.4628018,6051.02,288000.0
11286,Zimbabwe,India,Organic Cotton,342,kg,342.0,7900.0,0.0626,169.13268000000002,0.021409200000000003,1648.64,48040.0
12202,Kenya,Japan,Recycled Polyester,490,kg,490.0,7000.0,0.0626,214.71800000000002,0.030674000000000003,405.97,159980.0
82994,Uganda,India,Organic Cotton,8,kg,8.0,6200.0,0.0626,3.10496,0.0005008,10891.66,34906.76
86167,Côte d'Ivoire,India,Organic Cotton,See DN-4137 (ID#:84450),kg,1047.0,8900.0,0.0626,583.32558,0.0655422,See DN-4137 (ID#:84450),123880.0
11713,Côte d'Ivoire,India,Organic Cotton,910,kg,910.0,8900.0,0.15,1214.85,0.13649999999999998,3026,162500.0
8258,South Africa,United Kingdom,Organic Cotton,Weight Captured Separately,lbs,1047.0,9672.1334,0.15,1519.0085504699998,0.15704999999999997,Freight Included in Commodity Cost,18460.0
12167,Guyana,Unkown,Recycled Polyester,13,kg,13.0,7000.0,0.15,13.65,0.0019500000000000001,798.58,1215.0
12375,Zambia,India,Organic Cotton,124,kg,124.0,7600.0,0.15,141.35999999999999,0.0186,874.57,7525.0
10547,Zambia,Unkown,Organic Cotton,899,kg,899.0,7000.0,0.15,943.9499999999999,0.13485,5245.98,389838.75
12064,Nigeria,India,Organic Cotton,See DN-172 (ID#:10566),kg,1047.0,8100.0,0.15,1272.1049999999998,0.15704999999999997,See DN-172 (ID#:10566),13492.5
2994,South Africa,Unkown,Organic Cotton,Weight Captured Separately,kg,1047.0,7000.0,0.15,1099.35,0.15705,Freight Included in Commodity Cost,23808.0
10548,Nigeria,Unkown,Organic Cotton,725,kg,725.0,7000.0,0.15,761.25,0.10875,4104.5,116050.5
11799,Zambia,India,Organic Cotton,See DN-384 (ID#:10901),kg,1047.0,7600.0,0.15,1193.58,0.15705,See DN-384 (ID#:10901),372372.0
10901,Zambia,India,Organic Cotton,6230,kg,6230.0,7600.0,0.15,7102.2,0.9345,25739.49,10827.12
10656,Zambia,Japan,Recycled Polyester,498,kg,498.0,7000.0,0.15,522.9,0.0747,2292.6,151179.0
12723,Zambia,Japan,Recycled Polyester,See DN-380 (ID#:10622),kg,1047.0,7000.0,0.15,1099.35,0.15705,See DN-380 (ID#:10622),8.72
11485,Zambia,Unkown,Organic Cotton,1620,kg,1620.0,7000.0,0.15,1701.0,0.243,6785.1,472342.5
12675,Côte d'Ivoire,Unkown,Organic Cotton,See DN-220 (ID#:10585),kg,1047.0,7000.0,0.15,1099.35,0.15705,See DN-220 (ID#:10585),2831.04
10885,Côte d'Ivoire,Unkown,Organic Cotton,295,kg,295.0,7000.0,0.15,309.75,0.04425,1737,1258.24
10915,Zambia,India,Organic Cotton,236,kg,236.0,7600.0,0.15,269.03999999999996,0.035399999999999994,1448.2,33056.0
11435,Côte d'Ivoire,Unkown,Organic Cotton,See DN-320 (ID#:10593),kg,1047.0,7000.0,0.15,1099.35,0.15705,See DN-320 (ID#:10593),391950.0
